{ "height":25,
 "infinite":false,
 "layers":[
        {
         "data":[0, 0, 0, 0, 0, 35, 35, 0, 0, 0, 0, 0, 0, 0, 0, 0, 0, 0, 0, 35, 0, 0, 0, 0, 0, 35, 0, 0, 0, 0, 0, 0, 0, 0, 0, 0, 0, 0, 0, 0, 0, 35, 0, 0, 0, 0, 0, 0, 0, 35, 0, 0, 0, 35, 35, 35, 0, 0, 0, 0, 21, 0, 21, 0, 21, 0, 21, 0, 21, 0, 0, 0, 0, 0, 35, 35, 0, 0, 0, 0, 0, 0, 0, 0, 0, 0, 0, 0, 0, 0, 0, 0, 0, 0, 0, 0, 0, 0, 0, 0, 0, 0, 0, 0, 0, 0, 0, 0, 0, 0, 0, 0, 0, 0, 0, 0, 0, 0, 35, 0, 0, 0, 0, 0, 0, 0, 0, 0, 0, 0, 0, 0, 0, 0, 0, 0, 0, 0, 0, 0, 0, 24, 0, 37, 37, 0, 0, 24, 0, 37, 0, 0, 0, 0, 0, 0, 0, 0, 0, 0, 0, 0, 0, 0, 11, 0, 0, 0, 0, 0, 25, 0, 25, 24, 24, 24, 0, 0, 0, 5, 1, 1, 1, 1, 1, 1, 1, 1, 1, 1, 4, 0, 0, 0, 11, 0, 37, 0, 0, 0, 0, 0, 0, 11, 11, 11, 0, 37, 0, 1, 1, 1, 1, 1, 1, 1, 4, 0, 0, 0, 2, 2, 7, 7, 2, 2, 2, 7, 7, 2, 0, 0, 0, 0, 1, 1, 1, 1, 0, 25, 0, 0, 5, 1, 1, 1, 1, 1, 1, 2, 2, 2, 2, 2, 2, 2, 0, 0, 0, 0, 2, 2, 7, 2, 7, 2, 7, 2, 7, 2, 0, 0, 0, 0, 2, 2, 2, 2, 1, 1, 0, 0, 0, 2, 2, 2, 2, 2, 2, 2, 2, 2, 2, 2, 2, 2, 0, 0, 0, 0, 2, 2, 7, 2, 2, 7, 2, 2, 7, 2, 0, 0, 0, 0, 2, 2, 2, 2, 2, 2, 0, 0, 0, 2, 2, 2, 2, 2, 2, 2, 2, 2, 2, 2, 2, 2, 0, 0, 0, 0, 2, 2, 7, 2, 2, 2, 2, 2, 7, 2, 0, 0, 0, 0, 2, 2, 2, 2, 2, 2, 0, 0, 0, 2, 2, 2, 2, 2, 2, 2, 2, 2, 2, 2, 2, 2, 0, 0, 0, 0, 2, 2, 7, 2, 2, 2, 2, 2, 7, 2, 0, 0, 0, 0, 2, 2, 2, 2, 2, 2, 0, 0, 0, 2, 2, 2, 2, 2, 2, 2, 2, 2, 2, 2, 2, 2, 0, 0, 0, 0, 2, 2, 2, 2, 2, 2, 2, 2, 2, 2, 0, 0, 0, 0, 2, 2, 2, 2, 2, 2, 0, 0, 0, 0, 0, 18, 0, 0, 12, 0, 0, 0, 0, 0, 18, 0, 0, 0, 0, 0, 0, 21, 0, 21, 0, 0, 0, 21, 0, 21, 0, 0, 0, 0, 2, 2, 2, 2, 2, 2, 0, 0, 0, 0, 37, 17, 0, 0, 12, 0, 0, 21, 0, 21, 19, 21, 0, 22, 0, 0, 25, 24, 15, 15, 15, 0, 25, 24, 15, 15, 0, 0, 0, 0, 18, 0, 0, 12, 0, 0, 0, 0, 0, 5, 1, 1, 1, 1, 1, 0, 25, 24, 37, 24, 17, 0, 0, 33, 0, 5, 1, 1, 1, 1, 1, 1, 1, 1, 1, 1, 4, 0, 0, 0, 17, 0, 0, 12, 0, 0, 0, 0, 0, 0, 2, 2, 2, 2, 2, 1, 1, 1, 1, 1, 1, 4, 0, 33, 0, 12, 2, 2, 2, 2, 2, 2, 2, 2, 2, 2, 0, 0, 0, 5, 1, 1, 1, 1, 0, 25, 0, 0, 0, 0, 2, 2, 2, 2, 2, 2, 2, 2, 2, 2, 2, 0, 0, 33, 0, 12, 0, 0, 0, 0, 0, 12, 0, 0, 0, 0, 0, 0, 0, 0, 2, 2, 2, 2, 1, 1, 0, 0, 0, 0, 0, 18, 0, 0, 0, 0, 0, 0, 0, 0, 0, 0, 0, 33, 0, 12, 0, 0, 0, 0, 0, 12, 0, 0, 0, 0, 0, 0, 0, 0, 2, 2, 2, 2, 2, 2, 0, 0, 0, 0, 0, 19, 0, 21, 0, 0, 21, 0, 0, 21, 0, 0, 0, 33, 0, 12, 0, 35, 42, 15, 15, 12, 0, 35, 42, 15, 0, 0, 0, 0, 18, 0, 0, 0, 0, 0, 0, 0, 0, 0, 0, 17, 0, 13, 0, 16, 0, 0, 0, 0, 0, 0, 0, 33, 0, 5, 1, 1, 1, 1, 1, 1, 1, 1, 1, 1, 4, 0, 0, 0, 19, 0, 21, 0, 0, 21, 0, 0, 5, 1, 1, 1, 1, 1, 1, 1, 1, 1, 1, 4, 0, 0, 22, 33, 0, 0, 2, 2, 2, 2, 2, 2, 2, 2, 2, 2, 0, 0, 0, 0, 17, 0, 13, 0, 16, 0, 0, 0, 0, 2, 2, 2, 2, 2, 2, 2, 2, 2, 2, 0, 0, 0, 33, 33, 0, 0, 2, 2, 2, 2, 2, 2, 2, 2, 2, 2, 0, 0, 0, 5, 1, 1, 1, 1, 1, 1, 0, 0, 30, 0, 0, 18, 0, 0, 0, 0, 0, 0, 18, 0, 0, 0, 33, 33, 0, 0, 2, 2, 2, 2, 2, 2, 2, 2, 2, 2, 0, 0, 0, 0, 2, 2, 2, 2, 2, 2, 0, 0, 31, 0, 26, 17, 15, 15, 15, 15, 0, 25, 17, 0, 13, 0, 33, 33, 0, 0, 0, 0, 0, 0, 0, 0, 0, 0, 0, 0, 0, 0, 0, 0, 18, 0, 0, 0, 0, 0, 0, 5, 1, 1, 1, 1, 1, 1, 1, 1, 1, 1, 1, 1, 1, 1, 1, 1, 4, 0, 0, 0, 0, 0, 0, 0, 0, 0, 0, 0, 0, 0, 0, 0, 17, 15, 15, 15, 15, 0, 8, 8, 2, 2, 2, 2, 2, 2, 2, 2, 2, 2, 2, 2, 2, 2, 2, 2, 8, 8, 8, 8, 8, 8, 8, 8, 8, 8, 8, 8, 8, 8, 8, 8, 1, 1, 1, 1, 1, 1],
         "height":25,
         "name":"Tile Layer 1",
         "opacity":1,
         "type":"tilelayer",
         "visible":true,
         "width":40,
         "x":0,
         "y":0
        }, 
        {
         "draworder":"topdown",
         "name":"Object Layer 1",
         "objects":[
                {
                 "gid":45,
                 "height":64,
                 "id":1,
                 "name":"",
                 "rotation":0,
                 "type":"",
                 "visible":true,
                 "width":64,
                 "x":706,
                 "y":470
                }, 
                {
                 "gid":45,
                 "height":64,
                 "id":2,
                 "name":"",
                 "rotation":0,
                 "type":"",
                 "visible":true,
                 "width":64,
                 "x":714,
                 "y":148
                }, 
                {
                 "gid":45,
                 "height":64,
                 "id":3,
                 "name":"",
                 "rotation":0,
                 "type":"",
                 "visible":true,
                 "width":64,
                 "x":1324,
                 "y":156
                }, 
                {
                 "gid":45,
                 "height":64,
                 "id":4,
                 "name":"",
                 "rotation":0,
                 "type":"",
                 "visible":true,
                 "width":64,
                 "x":1306,
                 "y":716
                }, 
                {
                 "gid":45,
                 "height":64,
                 "id":5,
                 "name":"",
                 "rotation":0,
                 "type":"",
                 "visible":true,
                 "width":64,
                 "x":1284,
                 "y":1004
                }, 
                {
                 "gid":45,
                 "height":64,
                 "id":6,
                 "name":"",
                 "rotation":0,
                 "type":"",
                 "visible":true,
                 "width":64,
                 "x":612,
                 "y":920
                }, 
                {
                 "gid":45,
                 "height":64,
                 "id":7,
                 "name":"",
                 "rotation":0,
                 "type":"",
                 "visible":true,
                 "width":64,
                 "x":20,
                 "y":582
                }],
         "opacity":1,
         "type":"objectgroup",
         "visible":true,
         "x":0,
         "y":0
        }],
 "nextobjectid":8,
 "orientation":"orthogonal",
 "renderorder":"right-down",
 "tiledversion":"1.1.5",
 "tileheight":42,
 "tilesets":[
        {
         "columns":11,
         "firstgid":1,
         "image":"tileset-42x42.png",
         "imageheight":168,
         "imagewidth":462,
         "margin":0,
         "name":"tiles1",
         "spacing":0,
         "tilecount":44,
         "tileheight":42,
         "tilewidth":42
        }, 
        {
         "columns":1,
         "firstgid":45,
         "image":"saw.png",
         "imageheight":64,
         "imagewidth":64,
         "margin":0,
         "name":"saw",
         "spacing":0,
         "tilecount":1,
         "tileheight":64,
         "tilewidth":64
        }],
 "tilewidth":42,
 "type":"map",
 "version":1,
 "width":40
}